Id,y
10000,-66.002423490232600000000000000000
10001,451.406504401153000000000000000000
10002,-461.676417060298000000000000000000
10003,40.501208753723900000000000000000
10004,-126.744722454036000000000000000000
10005,-342.534551819250000000000000000000
10006,-396.555542113588000000000000000000
10007,335.541279079086000000000000000000
10008,-99.512420870623700000000000000000
10009,304.812539806275000000000000000000
10010,68.894530489785200000000000000000
10011,412.369195455905000000000000000000
10012,54.942371024768000000000000000000
10013,-17.005550754778800000000000000000
10014,-597.849957572261000000000000000000
10015,443.502288786414000000000000000000
10016,144.774486978043000000000000000000
10017,-57.411163672537300000000000000000
10018,134.387827577461000000000000000000
10019,-108.983775989108000000000000000000
10020,153.824828425066000000000000000000
10021,611.735983602201000000000000000000
10022,588.389650338420000000000000000000
10023,-131.016799958020000000000000000000
10024,-61.135621141228100000000000000000
10025,-374.248495316972000000000000000000
10026,74.157993079654500000000000000000
10027,137.438378736104000000000000000000
10028,420.086611796791000000000000000000
10029,196.765625713443000000000000000000
10030,268.442849800530000000000000000000
10031,638.474910251107000000000000000000
10032,127.378731386920000000000000000000
10033,1.349118758400190000000000000000
10034,22.710453177408700000000000000000
10035,342.239534522563000000000000000000
10036,307.703966974169000000000000000000
10037,348.138208700939000000000000000000
10038,-168.652861307355000000000000000000
10039,-20.221130904616900000000000000000
10040,-551.749927573110000000000000000000
10041,-429.971804066739000000000000000000
10042,261.891958706744000000000000000000
10043,389.820426129221000000000000000000
10044,-96.165622273566000000000000000000
10045,-210.710801256324000000000000000000
10046,278.881868784011000000000000000000
10047,-427.453301031048000000000000000000
10048,-172.903252917567000000000000000000
10049,467.264378355785000000000000000000
10050,-631.558735587438000000000000000000
10051,-355.531659338178000000000000000000
10052,143.173275538603000000000000000000
10053,69.199202598942000000000000000000
10054,275.588273976725000000000000000000
10055,-263.188612204102000000000000000000
10056,167.498307232412000000000000000000
10057,104.577895890142000000000000000000
10058,230.070086610074000000000000000000
10059,20.988026644576400000000000000000
10060,-4.822581262501530000000000000000
10061,-201.922940810637000000000000000000
10062,560.063926565769000000000000000000
10063,55.288476252448800000000000000000
10064,671.301574691833000000000000000000
10065,-493.748738285228000000000000000000
10066,-279.353036732591000000000000000000
10067,-53.712527613148500000000000000000
10068,379.698195500975000000000000000000
10069,315.071410857980000000000000000000
10070,169.130017326143000000000000000000
10071,-271.599303269010000000000000000000
10072,783.802222675033000000000000000000
10073,44.577311515548800000000000000000
10074,57.406780054577900000000000000000
10075,-161.078274143068000000000000000000
10076,-220.669578478857000000000000000000
10077,223.241294429291000000000000000000
10078,352.665595543753000000000000000000
10079,13.163291366265700000000000000000
10080,-461.994146985729000000000000000000
10081,305.372146691423000000000000000000
10082,-230.596561738611000000000000000000
10083,359.074443242543000000000000000000
10084,-430.260563375920000000000000000000
10085,-115.548822055461000000000000000000
10086,-88.960063878673100000000000000000
10087,-488.290189808041000000000000000000
10088,-139.350338547135000000000000000000
10089,57.338808108527300000000000000000
10090,-190.336242721664000000000000000000
10091,-6.508092914824930000000000000000
10092,189.291077747019000000000000000000
10093,346.603678185653000000000000000000
10094,871.627320648586000000000000000000
10095,-147.013537386538000000000000000000
10096,443.489937779428000000000000000000
10097,-30.498432974436600000000000000000
10098,185.463457534460000000000000000000
10099,-119.917171517329000000000000000000
10100,43.575238001808800000000000000000
10101,58.318571552244100000000000000000
10102,-197.152468298398000000000000000000
10103,-70.471606788411800000000000000000
10104,-342.846053288666000000000000000000
10105,-29.233589873717000000000000000000
10106,49.522929296104300000000000000000
10107,-16.246144137912700000000000000000
10108,33.775069261606600000000000000000
10109,-68.883077483241300000000000000000
10110,25.863399493697000000000000000000
10111,-617.314284271694000000000000000000
10112,-185.904413011948000000000000000000
10113,323.783106109386000000000000000000
10114,-35.662195722128400000000000000000
10115,-733.529771161381000000000000000000
10116,-240.738562647360000000000000000000
10117,-381.973146624248000000000000000000
10118,75.319944621694000000000000000000
10119,36.610326459118500000000000000000
10120,-28.756270225023200000000000000000
10121,-481.160627968587000000000000000000
10122,408.850230422987000000000000000000
10123,-765.021747199162000000000000000000
10124,178.072696516370000000000000000000
10125,-7.649879385673570000000000000000
10126,134.796846233759000000000000000000
10127,-477.458514212869000000000000000000
10128,-248.706253013235000000000000000000
10129,-361.884657223862000000000000000000
10130,-18.755611748553900000000000000000
10131,7.795604374434870000000000000000
10132,-109.105989725382000000000000000000
10133,-63.073745242194700000000000000000
10134,591.823183734914000000000000000000
10135,259.612633696627000000000000000000
10136,-279.865832008767000000000000000000
10137,93.225359400518300000000000000000
10138,-427.287315419134000000000000000000
10139,84.386566330898100000000000000000
10140,-311.544630644156000000000000000000
10141,11.419268612561200000000000000000
10142,-297.831468423585000000000000000000
10143,-331.928970968642000000000000000000
10144,656.013230525728000000000000000000
10145,-476.662681365053000000000000000000
10146,361.194045133774000000000000000000
10147,-150.185268611922000000000000000000
10148,299.946719024322000000000000000000
10149,-191.721432192707000000000000000000
10150,151.949995116121000000000000000000
10151,-64.672757815764800000000000000000
10152,351.244861630634000000000000000000
10153,-370.636445756272000000000000000000
10154,349.224981786109000000000000000000
10155,273.524609616801000000000000000000
10156,783.197184319686000000000000000000
10157,-124.237889735740000000000000000000
10158,-155.220044329908000000000000000000
10159,-506.955649386409000000000000000000
10160,201.693212385614000000000000000000
10161,-415.174057159635000000000000000000
10162,-348.165105169564000000000000000000
10163,-201.952241086809000000000000000000
10164,-658.950447053336000000000000000000
10165,179.346401681716000000000000000000
10166,124.069258161687000000000000000000
10167,-209.150253552018000000000000000000
10168,213.705134774005000000000000000000
10169,-82.117210238088900000000000000000
10170,-97.110269897268700000000000000000
10171,124.268005746480000000000000000000
10172,50.289915657142400000000000000000
10173,538.743959281335000000000000000000
10174,630.017534554336000000000000000000
10175,217.259277826543000000000000000000
10176,-491.733741326706000000000000000000
10177,-131.141751138833000000000000000000
10178,362.393022417292000000000000000000
10179,-14.363038055407800000000000000000
10180,-30.261757361676600000000000000000
10181,-107.323580767299000000000000000000
10182,-334.062592929671000000000000000000
10183,299.506399646431000000000000000000
10184,-103.472214845053000000000000000000
10185,179.820499467194000000000000000000
10186,122.200708879007000000000000000000
10187,86.580371616906900000000000000000
10188,386.482560566992000000000000000000
10189,-613.361174504581000000000000000000
10190,-269.816387383462000000000000000000
10191,260.731451262286000000000000000000
10192,-44.620161280426900000000000000000
10193,-159.157175764168000000000000000000
10194,-145.245598793575000000000000000000
10195,447.228214876000000000000000000000
10196,476.356985969593000000000000000000
10197,121.794213453273000000000000000000
10198,-1.535679056105600000000000000000
10199,410.744096538780000000000000000000
10200,90.828099799646900000000000000000
10201,150.073369568451000000000000000000
10202,24.033652961546200000000000000000
10203,273.886634053630000000000000000000
10204,-154.529260380251000000000000000000
10205,42.588901507066000000000000000000
10206,617.341706316855000000000000000000
10207,38.939360761429600000000000000000
10208,-91.436101194904200000000000000000
10209,225.353274773911000000000000000000
10210,151.058275770856000000000000000000
10211,-86.916647736459100000000000000000
10212,-101.717889580072000000000000000000
10213,161.937765026056000000000000000000
10214,357.870414103545000000000000000000
10215,32.145978186552600000000000000000
10216,-379.145399200291000000000000000000
10217,-165.942132223672000000000000000000
10218,257.453921694539000000000000000000
10219,-124.838507791840000000000000000000
10220,47.084514722991800000000000000000
10221,-67.050651389802000000000000000000
10222,287.173344134164000000000000000000
10223,836.267427770161000000000000000000
10224,-78.733292602055300000000000000000
10225,-293.009229152193000000000000000000
10226,284.916326462255000000000000000000
10227,377.951432008227000000000000000000
10228,-473.942619589722000000000000000000
10229,-538.809454976604000000000000000000
10230,-372.904750403185000000000000000000
10231,-83.377008899688100000000000000000
10232,157.462059519112000000000000000000
10233,167.502914561509000000000000000000
10234,-105.690405743196000000000000000000
10235,561.161687917628000000000000000000
10236,-149.355318957468000000000000000000
10237,196.966805123523000000000000000000
10238,-33.819911727579700000000000000000
10239,5.199419882338320000000000000000
10240,-121.708422960632000000000000000000
10241,53.473579817378400000000000000000
10242,531.291893841122000000000000000000
10243,-157.602622589373000000000000000000
10244,-183.771962392612000000000000000000
10245,643.832246425661000000000000000000
10246,17.780306010129400000000000000000
10247,-92.079397194601600000000000000000
10248,485.493164605073000000000000000000
10249,-221.236578607939000000000000000000
10250,490.606505048461000000000000000000
10251,-43.677159154250600000000000000000
10252,139.933229871177000000000000000000
10253,207.504474427610000000000000000000
10254,17.092647024359200000000000000000
10255,-396.472033160528000000000000000000
10256,-168.301667615290000000000000000000
10257,-75.593241001243000000000000000000
10258,-292.073507800768000000000000000000
10259,-59.373665346633700000000000000000
10260,247.369047064384000000000000000000
10261,206.831127581856000000000000000000
10262,17.462464464079800000000000000000
10263,-181.811485006569000000000000000000
10264,300.176150945488000000000000000000
10265,-567.638724795588000000000000000000
10266,311.593272852635000000000000000000
10267,-9.929511835492300000000000000000
10268,161.407823045477000000000000000000
10269,272.385599229724000000000000000000
10270,55.122457419425200000000000000000
10271,-15.278267412196800000000000000000
10272,286.402301942903000000000000000000
10273,387.888611943473000000000000000000
10274,-148.578888636387000000000000000000
10275,171.952352448395000000000000000000
10276,-411.570592222678000000000000000000
10277,213.802538270752000000000000000000
10278,133.930024373718000000000000000000
10279,-99.017177501240900000000000000000
10280,-162.417242245582000000000000000000
10281,-39.074190113478800000000000000000
10282,-295.158452183239000000000000000000
10283,141.324813543596000000000000000000
10284,163.059830053346000000000000000000
10285,-55.455401462417700000000000000000
10286,-145.740676093521000000000000000000
10287,16.350462436353600000000000000000
10288,-364.298558482827000000000000000000
10289,558.663018737672000000000000000000
10290,40.050661219006500000000000000000
10291,67.637345042970800000000000000000
10292,559.840084655464000000000000000000
10293,469.806947157413000000000000000000
10294,-149.499801054529000000000000000000
10295,-328.822786699695000000000000000000
10296,425.771317046673000000000000000000
10297,85.504662411794000000000000000000
10298,-166.915537055849000000000000000000
10299,-662.298407039347000000000000000000
10300,50.280391653003400000000000000000
10301,-11.355718332961400000000000000000
10302,-451.811264449530000000000000000000
10303,78.672833134131500000000000000000
10304,-386.818799917356000000000000000000
10305,-273.227383052371000000000000000000
10306,352.015045440021000000000000000000
10307,-263.848040918101000000000000000000
10308,-214.730222993611000000000000000000
10309,-84.881154897383500000000000000000
10310,745.883279125420000000000000000000
10311,-418.975108452272000000000000000000
10312,739.199125166192000000000000000000
10313,-469.077426352946000000000000000000
10314,481.829844865670000000000000000000
10315,363.207974787439000000000000000000
10316,-270.253041820718000000000000000000
10317,-399.592124716131000000000000000000
10318,234.457280307064000000000000000000
10319,-38.734693570325800000000000000000
10320,238.368748718506000000000000000000
10321,28.697441990182200000000000000000
10322,238.230957859652000000000000000000
10323,-130.007440300000000000000000000000
10324,-681.294561778850000000000000000000
10325,61.580652959543000000000000000000
10326,-444.929850670959000000000000000000
10327,-14.713208392841300000000000000000
10328,680.476782342855000000000000000000
10329,288.732606493763000000000000000000
10330,839.970490155670000000000000000000
10331,416.657476519179000000000000000000
10332,167.356037289156000000000000000000
10333,-86.779537867070400000000000000000
10334,332.769967600437000000000000000000
10335,-201.334430934253000000000000000000
10336,-43.625082987840400000000000000000
10337,-107.902377796097000000000000000000
10338,-284.035738025171000000000000000000
10339,232.608557178325000000000000000000
10340,237.833151715399000000000000000000
10341,74.399805677202300000000000000000
10342,255.517704063646000000000000000000
10343,-168.649619285609000000000000000000
10344,68.563346016289500000000000000000
10345,-365.441981725260000000000000000000
10346,189.706498860946000000000000000000
10347,-369.833249766709000000000000000000
10348,-250.900243902377000000000000000000
10349,76.313550196232600000000000000000
10350,-344.945509233775000000000000000000
10351,-187.423393268125000000000000000000
10352,482.169756982521000000000000000000
10353,125.752669728859000000000000000000
10354,450.691943752185000000000000000000
10355,216.176190182081000000000000000000
10356,34.341935719304500000000000000000
10357,57.511455961215000000000000000000
10358,-211.419498947126000000000000000000
10359,49.762491809493400000000000000000
10360,76.111040207584800000000000000000
10361,-29.196254490440400000000000000000
10362,33.048958528736600000000000000000
10363,364.562712163100000000000000000000
10364,234.482809873151000000000000000000
10365,-21.796554859089600000000000000000
10366,-476.937877047799000000000000000000
10367,43.567658993046100000000000000000
10368,-310.957213665168000000000000000000
10369,-46.941116226036400000000000000000
10370,181.195581071335000000000000000000
10371,-214.962429820071000000000000000000
10372,-80.227060315221400000000000000000
10373,841.208229165735000000000000000000
10374,102.356787085869000000000000000000
10375,37.297738046881800000000000000000
10376,77.398182759602000000000000000000
10377,435.794521493691000000000000000000
10378,111.394792651556000000000000000000
10379,-128.829224153876000000000000000000
10380,573.050121058394000000000000000000
10381,48.602468077910900000000000000000
10382,-68.554146592187300000000000000000
10383,56.681624505829500000000000000000
10384,-360.309931999439000000000000000000
10385,131.901922834504000000000000000000
10386,-264.525897633429000000000000000000
10387,-378.793249724992000000000000000000
10388,-190.099292599764000000000000000000
10389,862.915213040959000000000000000000
10390,159.576496662310000000000000000000
10391,514.020463580143000000000000000000
10392,61.387667803406300000000000000000
10393,720.875895832658000000000000000000
10394,-450.976731039802000000000000000000
10395,105.894442119997000000000000000000
10396,-27.532603044002000000000000000000
10397,-23.435561966771300000000000000000
10398,331.205998294945000000000000000000
10399,-156.024563948240000000000000000000
10400,0.947701838560118000000000000000
10401,17.232405165320200000000000000000
10402,143.239084170211000000000000000000
10403,53.226451390746500000000000000000
10404,41.013349269795000000000000000000
10405,-129.392551468347000000000000000000
10406,430.916521045928000000000000000000
10407,-427.909619657356000000000000000000
10408,49.114004852091600000000000000000
10409,-221.647580389187000000000000000000
10410,-313.759712186850000000000000000000
10411,115.244522447070000000000000000000
10412,96.100972044535500000000000000000
10413,-399.915984942419000000000000000000
10414,-8.411407923563310000000000000000
10415,733.184132437467000000000000000000
10416,-332.426766491650000000000000000000
10417,83.676120421941800000000000000000
10418,339.792748655441000000000000000000
10419,-35.115701314514700000000000000000
10420,38.204335433877400000000000000000
10421,-606.198489055928000000000000000000
10422,194.272853389461000000000000000000
10423,155.031551161582000000000000000000
10424,-111.256477873483000000000000000000
10425,-63.339371636516700000000000000000
10426,403.935818728963000000000000000000
10427,690.919430335858000000000000000000
10428,75.781299436449100000000000000000
10429,-340.315406523576000000000000000000
10430,-195.761595426979000000000000000000
10431,40.445138708755100000000000000000
10432,-137.654187960292000000000000000000
10433,-95.674796589544600000000000000000
10434,290.843537872502000000000000000000
10435,568.464681347278000000000000000000
10436,351.218650754074000000000000000000
10437,194.715166581683000000000000000000
10438,-312.150842087193000000000000000000
10439,-518.310786872446000000000000000000
10440,-80.751580480613700000000000000000
10441,-109.910538305784000000000000000000
10442,491.410836475195000000000000000000
10443,371.485144860493000000000000000000
10444,343.856644668435000000000000000000
10445,114.607853973684000000000000000000
10446,-315.204421909882000000000000000000
10447,83.103965093070400000000000000000
10448,-82.599151017741000000000000000000
10449,-182.219027225275000000000000000000
10450,-294.917292451305000000000000000000
10451,-294.210555314869000000000000000000
10452,611.547041735651000000000000000000
10453,-34.756134103591700000000000000000
10454,-115.041576900577000000000000000000
10455,263.279337902374000000000000000000
10456,346.056512092838000000000000000000
10457,194.611615269108000000000000000000
10458,257.356149638494000000000000000000
10459,-303.208094927113000000000000000000
10460,-173.195910857059000000000000000000
10461,-88.539834485785100000000000000000
10462,137.601612000112000000000000000000
10463,337.048649278064000000000000000000
10464,155.725234603626000000000000000000
10465,-250.290792905237000000000000000000
10466,148.063400151434000000000000000000
10467,333.682188609377000000000000000000
10468,-260.336392383425000000000000000000
10469,340.307909227914000000000000000000
10470,224.685355712694000000000000000000
10471,-607.279717061927000000000000000000
10472,-54.859592940918900000000000000000
10473,-685.091081725842000000000000000000
10474,268.258270778593000000000000000000
10475,108.797435633884000000000000000000
10476,-233.167617172720000000000000000000
10477,115.890881578502000000000000000000
10478,75.288754614984600000000000000000
10479,312.586953940339000000000000000000
10480,78.425907046795400000000000000000
10481,-509.630796439580000000000000000000
10482,142.152945784746000000000000000000
10483,-567.609674459883000000000000000000
10484,99.197844110130400000000000000000
10485,181.765693646808000000000000000000
10486,-27.407098394358000000000000000000
10487,-646.821050815973000000000000000000
10488,-261.632816250298000000000000000000
10489,-398.876889197815000000000000000000
10490,-259.410752056183000000000000000000
10491,-252.057403567990000000000000000000
10492,-25.647967227333000000000000000000
10493,-479.357949423140000000000000000000
10494,109.910686190218000000000000000000
10495,161.942579691140000000000000000000
10496,-436.807174239754000000000000000000
10497,-66.012204422567700000000000000000
10498,-73.605382654072700000000000000000
10499,51.002739446194400000000000000000
10500,7.609681032163480000000000000000
10501,-38.390486731083000000000000000000
10502,493.595970606927000000000000000000
10503,-303.449080544486000000000000000000
10504,285.363058760686000000000000000000
10505,236.930821219461000000000000000000
10506,-112.902887382091000000000000000000
10507,-104.916397054047000000000000000000
10508,70.110711720152400000000000000000
10509,-334.402180774617000000000000000000
10510,-526.152061351331000000000000000000
10511,26.695126681541400000000000000000
10512,16.625076878907100000000000000000
10513,-282.623918686238000000000000000000
10514,-156.764389223247000000000000000000
10515,-368.703852401056000000000000000000
10516,87.266983883973000000000000000000
10517,9.621961449393320000000000000000
10518,159.338554333949000000000000000000
10519,737.835436190071000000000000000000
10520,-63.525614896837400000000000000000
10521,253.392345404067000000000000000000
10522,-195.479262260479000000000000000000
10523,-233.604062757005000000000000000000
10524,672.043002760327000000000000000000
10525,161.026478116341000000000000000000
10526,-86.923885883782500000000000000000
10527,767.449937631784000000000000000000
10528,300.143454701542000000000000000000
10529,-264.633262120529000000000000000000
10530,506.806922498366000000000000000000
10531,413.732575786061000000000000000000
10532,-227.955654204585000000000000000000
10533,270.721821918247000000000000000000
10534,166.272145388432000000000000000000
10535,467.835946995300000000000000000000
10536,691.014192741331000000000000000000
10537,-235.195501625774000000000000000000
10538,-204.494756337837000000000000000000
10539,235.565499025668000000000000000000
10540,481.508228989500000000000000000000
10541,-404.286371626171000000000000000000
10542,499.634598879020000000000000000000
10543,-280.423624283560000000000000000000
10544,349.635357012774000000000000000000
10545,56.279218559325900000000000000000
10546,377.783824199550000000000000000000
10547,58.239294125083000000000000000000
10548,424.299812174647000000000000000000
10549,85.800412441546200000000000000000
10550,-252.992888524588000000000000000000
10551,172.867844955020000000000000000000
10552,-190.106600205714000000000000000000
10553,306.964286523667000000000000000000
10554,-179.117664933423000000000000000000
10555,-155.775904940048000000000000000000
10556,-208.752570579109000000000000000000
10557,-257.425978020418000000000000000000
10558,-187.887080457842000000000000000000
10559,178.959685898031000000000000000000
10560,769.299424606763000000000000000000
10561,131.454004956460000000000000000000
10562,-86.336058477255200000000000000000
10563,-440.789694128796000000000000000000
10564,522.206337841692000000000000000000
10565,74.260445370589500000000000000000
10566,-273.345190808246000000000000000000
10567,23.885483202722200000000000000000
10568,-140.886190116737000000000000000000
10569,337.441893325464000000000000000000
10570,63.425120244031000000000000000000
10571,-78.121043605639200000000000000000
10572,-209.415961506105000000000000000000
10573,-354.302216995789000000000000000000
10574,261.549589407271000000000000000000
10575,252.784753035022000000000000000000
10576,415.332793496398000000000000000000
10577,-341.410621774962000000000000000000
10578,-101.543065617289000000000000000000
10579,-82.980037344346600000000000000000
10580,-146.191859450830000000000000000000
10581,-400.957009508850000000000000000000
10582,114.688101615306000000000000000000
10583,-318.409449172840000000000000000000
10584,-27.128651113150300000000000000000
10585,253.392063550322000000000000000000
10586,-15.161597235909900000000000000000
10587,490.276310156695000000000000000000
10588,67.160554155160600000000000000000
10589,-583.653630160663000000000000000000
10590,566.829222780879000000000000000000
10591,-659.784020611340000000000000000000
10592,-280.344586576631000000000000000000
10593,-618.484957603461000000000000000000
10594,-403.081521772081000000000000000000
10595,52.580795867776200000000000000000
10596,154.137247817905000000000000000000
10597,-187.187245886460000000000000000000
10598,45.064322864019200000000000000000
10599,389.869802458975000000000000000000
10600,497.494427700972000000000000000000
10601,-172.604661456970000000000000000000
10602,-199.488048306911000000000000000000
10603,146.332135404587000000000000000000
10604,-745.931421182364000000000000000000
10605,-230.935782346796000000000000000000
10606,-157.737688235105000000000000000000
10607,170.555856721607000000000000000000
10608,58.528195791273100000000000000000
10609,21.778235377083500000000000000000
10610,-33.845432388594800000000000000000
10611,527.011532145015000000000000000000
10612,370.359793247820000000000000000000
10613,-83.708849293366000000000000000000
10614,-297.866781827518000000000000000000
10615,379.630041640903000000000000000000
10616,-194.499818678863000000000000000000
10617,-59.081154239241300000000000000000
10618,-59.050741456085600000000000000000
10619,-265.795331040641000000000000000000
10620,-488.324214844962000000000000000000
10621,-28.133316815097400000000000000000
10622,-110.897242516639000000000000000000
10623,642.519819874311000000000000000000
10624,-25.104958245574600000000000000000
10625,368.274654720145000000000000000000
10626,274.799213527041000000000000000000
10627,416.526129336384000000000000000000
10628,110.573248679843000000000000000000
10629,561.378352052166000000000000000000
10630,497.143762115775000000000000000000
10631,-201.609877344509000000000000000000
10632,-370.052298261587000000000000000000
10633,731.057372423596000000000000000000
10634,-380.137079155168000000000000000000
10635,-200.602515505208000000000000000000
10636,272.086011893755000000000000000000
10637,269.840589910762000000000000000000
10638,-243.563995085345000000000000000000
10639,-80.642094345867100000000000000000
10640,-467.977012898554000000000000000000
10641,384.103309171712000000000000000000
10642,-158.514640764383000000000000000000
10643,-321.142908979080000000000000000000
10644,-72.307098121583200000000000000000
10645,244.896501048629000000000000000000
10646,-111.766879899275000000000000000000
10647,-71.303541616286000000000000000000
10648,-97.149005345139000000000000000000
10649,387.992852944462000000000000000000
10650,134.079760825455000000000000000000
10651,-372.724539718343000000000000000000
10652,-153.897348914105000000000000000000
10653,376.055724678305000000000000000000
10654,-45.066999727283200000000000000000
10655,29.111024201617500000000000000000
10656,-164.388413713924000000000000000000
10657,291.380287557023000000000000000000
10658,-389.642908989245000000000000000000
10659,-145.453813660727000000000000000000
10660,276.506141992724000000000000000000
10661,-134.093810917190000000000000000000
10662,82.948111554812600000000000000000
10663,143.773370610527000000000000000000
10664,230.853778230407000000000000000000
10665,649.898046991345000000000000000000
10666,188.100114103991000000000000000000
10667,170.772216143761000000000000000000
10668,-533.847484479045000000000000000000
10669,-516.134968825367000000000000000000
10670,-356.786974672164000000000000000000
10671,480.903743205647000000000000000000
10672,-54.535992961674300000000000000000
10673,-272.660572040380000000000000000000
10674,-89.163693419766900000000000000000
10675,-97.400040824959100000000000000000
10676,-264.298037750626000000000000000000
10677,-558.851675961039000000000000000000
10678,-18.223173989821600000000000000000
10679,238.683378587978000000000000000000
10680,-107.496826878976000000000000000000
10681,-439.737149692273000000000000000000
10682,-366.087377620448000000000000000000
10683,540.474402291900000000000000000000
10684,-335.919229539987000000000000000000
10685,128.984813646624000000000000000000
10686,-360.465059277883000000000000000000
10687,-211.014586568200000000000000000000
10688,115.703836053997000000000000000000
10689,-723.633356224770000000000000000000
10690,380.893922105607000000000000000000
10691,24.300969805755800000000000000000
10692,-145.387614527410000000000000000000
10693,-157.282956178539000000000000000000
10694,134.103360036729000000000000000000
10695,215.957100771162000000000000000000
10696,-310.206163734389000000000000000000
10697,18.018883693843000000000000000000
10698,-287.169694729659000000000000000000
10699,-244.828889436238000000000000000000
10700,-126.151906321030000000000000000000
10701,-276.851033697200000000000000000000
10702,-63.902823195383700000000000000000
10703,-268.290741984366000000000000000000
10704,80.990606187076000000000000000000
10705,135.491976491480000000000000000000
10706,265.861717370734000000000000000000
10707,290.153389318573000000000000000000
10708,72.857507069876800000000000000000
10709,-88.645018382844000000000000000000
10710,-562.523801708610000000000000000000
10711,-257.968591664592000000000000000000
10712,-88.328187732276000000000000000000
10713,-608.904891354576000000000000000000
10714,16.648129846867300000000000000000
10715,-117.996641445088000000000000000000
10716,244.488135858251000000000000000000
10717,60.961320646526300000000000000000
10718,640.850472611425000000000000000000
10719,15.073592658662400000000000000000
10720,135.006444304772000000000000000000
10721,39.523374533233500000000000000000
10722,86.445605741342300000000000000000
10723,20.337654615454800000000000000000
10724,217.442420231981000000000000000000
10725,-8.574845990247310000000000000000
10726,172.397587317399000000000000000000
10727,-326.003748773289000000000000000000
10728,347.581340724037000000000000000000
10729,128.958039091145000000000000000000
10730,-379.750088612952000000000000000000
10731,-134.706957056624000000000000000000
10732,153.568885143424000000000000000000
10733,-72.122786088970100000000000000000
10734,183.308488305725000000000000000000
10735,-456.538776191377000000000000000000
10736,152.275301625997000000000000000000
10737,-20.658280599070600000000000000000
10738,245.622328354659000000000000000000
10739,776.400972823354000000000000000000
10740,-320.143452960223000000000000000000
10741,-479.319708284776000000000000000000
10742,-69.754348602908400000000000000000
10743,-372.010453196051000000000000000000
10744,397.282247381807000000000000000000
10745,94.972930251539700000000000000000
10746,-545.870093984974000000000000000000
10747,92.717330848032300000000000000000
10748,456.623246798696000000000000000000
10749,140.335196292038000000000000000000
10750,-542.616784503439000000000000000000
10751,33.256178473056000000000000000000
10752,237.545553119365000000000000000000
10753,-260.514780603773000000000000000000
10754,-227.741178048945000000000000000000
10755,-18.374207944643600000000000000000
10756,357.232079357789000000000000000000
10757,234.168663223794000000000000000000
10758,309.049490864715000000000000000000
10759,109.416209072679000000000000000000
10760,297.046277195337000000000000000000
10761,431.282718689772000000000000000000
10762,-285.902754151684000000000000000000
10763,-461.123185060561000000000000000000
10764,458.841168520292000000000000000000
10765,-35.132478657933600000000000000000
10766,-138.966778672780000000000000000000
10767,435.878111354138000000000000000000
10768,-327.551732481242000000000000000000
10769,-16.175842225601400000000000000000
10770,32.687383150972300000000000000000
10771,-143.110360936134000000000000000000
10772,-82.911637968193200000000000000000
10773,-26.395849579087400000000000000000
10774,-295.906542483769000000000000000000
10775,-300.944551309277000000000000000000
10776,-157.037461760563000000000000000000
10777,-444.105425170566000000000000000000
10778,55.542959233744800000000000000000
10779,136.095733433739000000000000000000
10780,-59.934234414137200000000000000000
10781,774.786939355851000000000000000000
10782,-291.821469402542000000000000000000
10783,449.654513358052000000000000000000
10784,-231.200824913053000000000000000000
10785,88.180588404051400000000000000000
10786,511.682381615942000000000000000000
10787,27.698913991852500000000000000000
10788,69.719003430784800000000000000000
10789,-684.030428674818000000000000000000
10790,-181.165754189106000000000000000000
10791,-592.285683531627000000000000000000
10792,-326.372304491368000000000000000000
10793,527.573955431336000000000000000000
10794,-175.982232288924000000000000000000
10795,555.327324326249000000000000000000
10796,-40.062192569476300000000000000000
10797,-242.909611844256000000000000000000
10798,466.475009832207000000000000000000
10799,209.726578217798000000000000000000
10800,112.473990286338000000000000000000
10801,655.959709211271000000000000000000
10802,-253.672882013653000000000000000000
10803,-143.140064369027000000000000000000
10804,261.909033449125000000000000000000
10805,-51.430524620989100000000000000000
10806,-646.534371493121000000000000000000
10807,-114.117306455129000000000000000000
10808,126.149311180080000000000000000000
10809,204.593462858993000000000000000000
10810,-300.393613658313000000000000000000
10811,-415.686745889539000000000000000000
10812,6.449152884280180000000000000000
10813,72.801077774827900000000000000000
10814,160.660872081452000000000000000000
10815,249.311689291816000000000000000000
10816,-248.285345246563000000000000000000
10817,7.830629922612400000000000000000
10818,-466.383827016658000000000000000000
10819,290.151444044601000000000000000000
10820,-309.033206563339000000000000000000
10821,528.691661195626000000000000000000
10822,372.493847932254000000000000000000
10823,-328.086266309685000000000000000000
10824,-94.658734077251100000000000000000
10825,55.569194140457400000000000000000
10826,67.343824190316000000000000000000
10827,-533.668381249131000000000000000000
10828,-128.108633503448000000000000000000
10829,-542.994858446417000000000000000000
10830,54.634639672581000000000000000000
10831,182.660434832679000000000000000000
10832,-41.299485730890900000000000000000
10833,652.812763391733000000000000000000
10834,-336.965780737887000000000000000000
10835,99.962820197738000000000000000000
10836,811.790016336706000000000000000000
10837,-346.252116065300000000000000000000
10838,103.690879600984000000000000000000
10839,487.736081263331000000000000000000
10840,120.895691013992000000000000000000
10841,-324.329674054369000000000000000000
10842,-136.412129712149000000000000000000
10843,-41.924430030976600000000000000000
10844,282.702986580234000000000000000000
10845,345.620328970204000000000000000000
10846,124.697985347524000000000000000000
10847,-206.113352833734000000000000000000
10848,155.939985832140000000000000000000
10849,-443.767229943384000000000000000000
10850,-273.343003400596000000000000000000
10851,195.950330818546000000000000000000
10852,-30.690040851398300000000000000000
10853,86.567786598154400000000000000000
10854,-312.211361889496000000000000000000
10855,41.005246961457800000000000000000
10856,307.675180199947000000000000000000
10857,532.905949421403000000000000000000
10858,260.161680563380000000000000000000
10859,362.005507533736000000000000000000
10860,101.328981201968000000000000000000
10861,38.441296139893900000000000000000
10862,20.267674753903400000000000000000
10863,117.440249880745000000000000000000
10864,573.691182707855000000000000000000
10865,-507.592058514499000000000000000000
10866,-211.769626710456000000000000000000
10867,-78.399897404281700000000000000000
10868,-319.573767659573000000000000000000
10869,-267.446564418334000000000000000000
10870,-780.857031967622000000000000000000
10871,50.229980556444000000000000000000
10872,-298.549010817166000000000000000000
10873,23.392386523115500000000000000000
10874,-76.290597410146800000000000000000
10875,-257.597470464255000000000000000000
10876,171.564365097965000000000000000000
10877,-121.600783162490000000000000000000
10878,-451.373776855429000000000000000000
10879,81.135338842681400000000000000000
10880,-212.552493171425000000000000000000
10881,-3.534927229095750000000000000000
10882,-408.255481000185000000000000000000
10883,-158.651331944658000000000000000000
10884,238.398342016130000000000000000000
10885,-133.035723273697000000000000000000
10886,-266.084082606063000000000000000000
10887,247.742704381948000000000000000000
10888,347.966544283237000000000000000000
10889,-511.315242810866000000000000000000
10890,21.815871215020600000000000000000
10891,-163.841409642291000000000000000000
10892,-472.560836397047000000000000000000
10893,-365.008267151233000000000000000000
10894,272.437137932240000000000000000000
10895,92.373763748916800000000000000000
10896,491.808145684650000000000000000000
10897,-200.036058135808000000000000000000
10898,144.314908249874000000000000000000
10899,-554.358052419999000000000000000000
10900,-449.357557894157000000000000000000
10901,565.015480179958000000000000000000
10902,446.318758074620000000000000000000
10903,309.697388187412000000000000000000
10904,282.927941407750000000000000000000
10905,176.197628189968000000000000000000
10906,-315.141851760379000000000000000000
10907,612.337793115295000000000000000000
10908,274.252231247731000000000000000000
10909,-19.436173058565300000000000000000
10910,404.625447770524000000000000000000
10911,47.266481426985000000000000000000
10912,101.896240809605000000000000000000
10913,98.148095627779200000000000000000
10914,-231.352582443722000000000000000000
10915,136.336123191642000000000000000000
10916,-150.310059267949000000000000000000
10917,461.199549978788000000000000000000
10918,145.690158884272000000000000000000
10919,-405.823741875557000000000000000000
10920,-405.552565875095000000000000000000
10921,213.673943650562000000000000000000
10922,-204.803640273143000000000000000000
10923,-118.570637910508000000000000000000
10924,675.230264829071000000000000000000
10925,145.161987868534000000000000000000
10926,489.687002019962000000000000000000
10927,-173.765574593693000000000000000000
10928,89.691684652836000000000000000000
10929,239.011791542308000000000000000000
10930,-68.180000686600400000000000000000
10931,93.666775615131500000000000000000
10932,-196.553017220087000000000000000000
10933,-711.753444720091000000000000000000
10934,-104.150239911489000000000000000000
10935,55.730039501229000000000000000000
10936,74.240350584786600000000000000000
10937,625.749590876904000000000000000000
10938,234.986884868753000000000000000000
10939,221.592947938755000000000000000000
10940,61.931591756794600000000000000000
10941,239.736448334435000000000000000000
10942,-21.338081818318200000000000000000
10943,180.164736297092000000000000000000
10944,14.918627995496800000000000000000
10945,-374.865688348250000000000000000000
10946,-397.514928858403000000000000000000
10947,114.666908432162000000000000000000
10948,-269.616228798942000000000000000000
10949,0.139212214490976000000000000000
10950,-34.594846760693100000000000000000
10951,72.734021226682100000000000000000
10952,-188.805563139038000000000000000000
10953,-365.533671923453000000000000000000
10954,-67.595522554267700000000000000000
10955,19.501170139178100000000000000000
10956,212.782590138233000000000000000000
10957,170.722846882632000000000000000000
10958,48.756055882018600000000000000000
10959,-239.446522791646000000000000000000
10960,409.738205155179000000000000000000
10961,399.868005650307000000000000000000
10962,18.693100459976600000000000000000
10963,165.766971959842000000000000000000
10964,-124.389453496710000000000000000000
10965,54.994523212785900000000000000000
10966,640.432074564866000000000000000000
10967,7.578792735555010000000000000000
10968,-265.047630410010000000000000000000
10969,1.692733091094480000000000000000
10970,18.517133621266400000000000000000
10971,-248.851639301692000000000000000000
10972,106.861931546508000000000000000000
10973,251.639143120907000000000000000000
10974,133.837739536407000000000000000000
10975,-358.266961376930000000000000000000
10976,426.261447317639000000000000000000
10977,71.978422469740500000000000000000
10978,-322.087559625220000000000000000000
10979,438.840267501593000000000000000000
10980,-40.132114491341100000000000000000
10981,283.803568652924000000000000000000
10982,-487.906195332584000000000000000000
10983,-86.933028252147800000000000000000
10984,-470.850151091690000000000000000000
10985,73.146482773151200000000000000000
10986,-688.390098940798000000000000000000
10987,392.478567566040000000000000000000
10988,-328.631037495538000000000000000000
10989,149.391600634692000000000000000000
10990,321.793114760604000000000000000000
10991,584.393087045062000000000000000000
10992,206.757295700248000000000000000000
10993,36.548225997007500000000000000000
10994,-37.778285211187500000000000000000
10995,-551.051709465134000000000000000000
10996,-107.851203877569000000000000000000
10997,-176.806027953530000000000000000000
10998,-356.889491173180000000000000000000
10999,418.414584112477000000000000000000
11000,-26.133496016983300000000000000000
11001,-213.909513628031000000000000000000
11002,246.579788819877000000000000000000
11003,-32.011024949711500000000000000000
11004,-126.732588495827000000000000000000
11005,26.914491557618900000000000000000
11006,198.921973762952000000000000000000
11007,-18.843554414707600000000000000000
11008,-119.514846076425000000000000000000
11009,-389.903760531073000000000000000000
11010,-149.509286071479000000000000000000
11011,-308.962030214693000000000000000000
11012,-478.777160413752000000000000000000
11013,-616.729141252278000000000000000000
11014,-25.890829611384900000000000000000
11015,-133.176590316864000000000000000000
11016,-633.058725229320000000000000000000
11017,-32.263294745609000000000000000000
11018,28.795819581694000000000000000000
11019,-290.001323640660000000000000000000
11020,-168.024965392000000000000000000000
11021,-173.841020019739000000000000000000
11022,107.279554151663000000000000000000
11023,278.328785206999000000000000000000
11024,164.736651815912000000000000000000
11025,596.786019950614000000000000000000
11026,737.780217717120000000000000000000
11027,-57.044398703886700000000000000000
11028,-20.381913027885600000000000000000
11029,193.111408300246000000000000000000
11030,150.952422203681000000000000000000
11031,-340.877925855866000000000000000000
11032,207.556570246538000000000000000000
11033,-27.674726125892700000000000000000
11034,-146.951657365711000000000000000000
11035,-121.880668296127000000000000000000
11036,144.479505329890000000000000000000
11037,333.209531678896000000000000000000
11038,-452.513120968045000000000000000000
11039,-208.536846744223000000000000000000
11040,265.844947523608000000000000000000
11041,-86.196459500500700000000000000000
11042,-456.010617922363000000000000000000
11043,-377.730047201426000000000000000000
11044,277.556688970453000000000000000000
11045,-98.288165568644100000000000000000
11046,-258.677418232851000000000000000000
11047,508.513021646589000000000000000000
11048,-27.829466767415100000000000000000
11049,-397.838225224185000000000000000000
11050,27.294231548041100000000000000000
11051,55.460906962913300000000000000000
11052,86.524439615027100000000000000000
11053,-417.718267064166000000000000000000
11054,265.074692174369000000000000000000
11055,126.495379800573000000000000000000
11056,-731.233799893339000000000000000000
11057,26.768529070431700000000000000000
11058,15.172424965474000000000000000000
11059,603.149177053959000000000000000000
11060,-68.510369085759900000000000000000
11061,-630.158849738924000000000000000000
11062,391.439895045170000000000000000000
11063,191.267397712711000000000000000000
11064,-82.799158898045500000000000000000
11065,874.279835571680000000000000000000
11066,130.102209656079000000000000000000
11067,24.825257629838200000000000000000
11068,10.015684555529600000000000000000
11069,407.553551950984000000000000000000
11070,184.933722449836000000000000000000
11071,699.401340355084000000000000000000
11072,12.874182171249100000000000000000
11073,-569.795031205475000000000000000000
11074,-60.618267530270800000000000000000
11075,-96.589442925860500000000000000000
11076,19.660708357384000000000000000000
11077,30.225969050065200000000000000000
11078,-107.068582148357000000000000000000
11079,-23.448153023309400000000000000000
11080,-16.563489755113000000000000000000
11081,18.767317998587600000000000000000
11082,145.950381822207000000000000000000
11083,-428.102756600921000000000000000000
11084,-158.174776110372000000000000000000
11085,-44.378080896788900000000000000000
11086,-411.299770544828000000000000000000
11087,218.421018082025000000000000000000
11088,141.245307844751000000000000000000
11089,316.634755970591000000000000000000
11090,93.680239825354300000000000000000
11091,154.164054025655000000000000000000
11092,-132.920250235911000000000000000000
11093,-293.873571395306000000000000000000
11094,485.306345587874000000000000000000
11095,-271.229481506855000000000000000000
11096,373.383147178432000000000000000000
11097,-359.669598756328000000000000000000
11098,-459.992304450694000000000000000000
11099,209.053698523280000000000000000000
11100,46.740083514877400000000000000000
11101,-767.896543599175000000000000000000
11102,-153.969466825704000000000000000000
11103,-66.682892461567400000000000000000
11104,-15.944035080887300000000000000000
11105,16.075984345000300000000000000000
11106,157.038936701573000000000000000000
11107,585.657863559290000000000000000000
11108,-259.638105979391000000000000000000
11109,264.486466693086000000000000000000
11110,171.558650699527000000000000000000
11111,182.065725545085000000000000000000
11112,-336.883373360890000000000000000000
11113,-403.238538703153000000000000000000
11114,114.577725107955000000000000000000
11115,161.836443496389000000000000000000
11116,-628.044701000104000000000000000000
11117,242.011753055386000000000000000000
11118,362.863036117652000000000000000000
11119,60.713706404244100000000000000000
11120,-359.311231213258000000000000000000
11121,-379.081879505726000000000000000000
11122,237.837784949789000000000000000000
11123,-293.417509139923000000000000000000
11124,-397.451379202980000000000000000000
11125,159.588856051325000000000000000000
11126,365.037475213594000000000000000000
11127,-720.612846489734000000000000000000
11128,500.164865771483000000000000000000
11129,-11.265810006163400000000000000000
11130,-69.355015025237600000000000000000
11131,250.865621559677000000000000000000
11132,-169.306785408023000000000000000000
11133,120.437206926927000000000000000000
11134,-39.953157825393400000000000000000
11135,-520.879065999744000000000000000000
11136,-631.106105345371000000000000000000
11137,-189.451287245867000000000000000000
11138,73.570787366443300000000000000000
11139,39.638131936281600000000000000000
11140,-459.837438775104000000000000000000
11141,4.029071723495380000000000000000
11142,-197.448899656816000000000000000000
11143,62.389742569146300000000000000000
11144,-186.445352369271000000000000000000
11145,-133.608220195601000000000000000000
11146,305.022978952864000000000000000000
11147,-46.022467592149600000000000000000
11148,-42.281475985007100000000000000000
11149,-174.613423139782000000000000000000
11150,-221.817424278165000000000000000000
11151,-177.582553714766000000000000000000
11152,-1.645779160211190000000000000000
11153,92.195614728928100000000000000000
11154,380.636643348124000000000000000000
11155,5.176285533507590000000000000000
11156,-43.264137860360100000000000000000
11157,138.569097683131000000000000000000
11158,-644.237339971804000000000000000000
11159,-264.052648540980000000000000000000
11160,388.077111335950000000000000000000
11161,-314.575503967531000000000000000000
11162,68.595778853698900000000000000000
11163,313.902505958668000000000000000000
11164,-174.136380005500000000000000000000
11165,75.245060917166700000000000000000
11166,-48.300496534790200000000000000000
11167,366.328134930541000000000000000000
11168,-300.953175224519000000000000000000
11169,52.295474972806400000000000000000
11170,199.764508528846000000000000000000
11171,-291.452138881177000000000000000000
11172,-221.255257141951000000000000000000
11173,-347.633736650114000000000000000000
11174,-203.169737225661000000000000000000
11175,-377.922975444604000000000000000000
11176,-39.059901238720300000000000000000
11177,-27.657708986923000000000000000000
11178,-4.840069011082760000000000000000
11179,387.693170181669000000000000000000
11180,173.075211008615000000000000000000
11181,932.270401678969000000000000000000
11182,-79.759489349665000000000000000000
11183,140.831977372249000000000000000000
11184,39.684029858126900000000000000000
11185,443.524208044312000000000000000000
11186,342.359948720237000000000000000000
11187,-137.857952584062000000000000000000
11188,596.330530491171000000000000000000
11189,207.646926423507000000000000000000
11190,-628.744469689728000000000000000000
11191,498.517706498842000000000000000000
11192,-157.939248740048000000000000000000
11193,351.107839765741000000000000000000
11194,21.711333535601000000000000000000
11195,-147.858820055492000000000000000000
11196,204.572462749282000000000000000000
11197,29.474618249412900000000000000000
11198,121.433929641244000000000000000000
11199,-565.619935386566000000000000000000
11200,-229.610586958526000000000000000000
11201,-46.804477108740900000000000000000
11202,686.999341350481000000000000000000
11203,-439.376008138355000000000000000000
11204,-564.306780926227000000000000000000
11205,-449.445238720610000000000000000000
11206,-187.013375577953000000000000000000
11207,63.714470752307300000000000000000
11208,226.532179611289000000000000000000
11209,-238.261958866073000000000000000000
11210,8.031752667966570000000000000000
11211,-360.688694185145000000000000000000
11212,-123.993116138686000000000000000000
11213,-388.864619463003000000000000000000
11214,21.025862631446700000000000000000
11215,-301.501871256303000000000000000000
11216,215.877408312898000000000000000000
11217,403.510210049799000000000000000000
11218,435.697603356926000000000000000000
11219,-107.100920883721000000000000000000
11220,186.046920783737000000000000000000
11221,347.569484739806000000000000000000
11222,258.813959115303000000000000000000
11223,-431.375661481792000000000000000000
11224,-169.359381981020000000000000000000
11225,106.386680043039000000000000000000
11226,11.406343347780400000000000000000
11227,362.596204029565000000000000000000
11228,-602.207354091147000000000000000000
11229,707.555918445792000000000000000000
11230,202.174918782055000000000000000000
11231,-50.337119767656900000000000000000
11232,-170.329423453248000000000000000000
11233,-33.311370903949200000000000000000
11234,194.429834920115000000000000000000
11235,-358.589350967405000000000000000000
11236,-212.265353269178000000000000000000
11237,-291.421103822263000000000000000000
11238,295.557618949711000000000000000000
11239,-278.973387273083000000000000000000
11240,23.653653300110200000000000000000
11241,-64.463610906839900000000000000000
11242,-550.513067241338000000000000000000
11243,541.343269752475000000000000000000
11244,95.063330411310500000000000000000
11245,14.598207374632700000000000000000
11246,108.608835191270000000000000000000
11247,-390.974709114241000000000000000000
11248,358.666419660901000000000000000000
11249,-656.737371354632000000000000000000
11250,39.621704040650700000000000000000
11251,-112.107813976417000000000000000000
11252,-3.996618183603600000000000000000
11253,-399.348778529467000000000000000000
11254,-189.942158302666000000000000000000
11255,25.705003254618300000000000000000
11256,-514.342309050893000000000000000000
11257,42.903388996472500000000000000000
11258,-18.932652421567400000000000000000
11259,-109.323096499657000000000000000000
11260,-32.899091713947100000000000000000
11261,-543.812002653852000000000000000000
11262,402.371087030969000000000000000000
11263,36.244315379427600000000000000000
11264,228.304075800093000000000000000000
11265,346.383022277136000000000000000000
11266,-401.222706990684000000000000000000
11267,54.057197731363700000000000000000
11268,6.862233348085690000000000000000
11269,-3.812080565891710000000000000000
11270,-445.451491973887000000000000000000
11271,162.087518743268000000000000000000
11272,176.367525013871000000000000000000
11273,-516.971981928436000000000000000000
11274,189.993160093489000000000000000000
11275,-164.457127965193000000000000000000
11276,174.209947128328000000000000000000
11277,-510.029776314883000000000000000000
11278,174.784885109871000000000000000000
11279,-352.746324327284000000000000000000
11280,-145.460977089617000000000000000000
11281,456.971861170660000000000000000000
11282,-463.514890672627000000000000000000
11283,-363.584276404392000000000000000000
11284,-157.848082284904000000000000000000
11285,-195.360609620261000000000000000000
11286,152.040687756857000000000000000000
11287,-197.092267668817000000000000000000
11288,36.480965368720800000000000000000
11289,993.224877978467000000000000000000
11290,-387.028793186814000000000000000000
11291,-6.616510882803140000000000000000
11292,-272.068860885838000000000000000000
11293,-138.599545510112000000000000000000
11294,-105.039448612601000000000000000000
11295,-21.529524404723100000000000000000
11296,91.057199150230400000000000000000
11297,-65.791197149471400000000000000000
11298,164.472877100936000000000000000000
11299,-17.997827027464700000000000000000
11300,783.886659713912000000000000000000
11301,-339.231124724312000000000000000000
11302,-196.484563617835000000000000000000
11303,357.218495409681000000000000000000
11304,186.310625211570000000000000000000
11305,138.094103684030000000000000000000
11306,-11.632461477738000000000000000000
11307,175.809163734203000000000000000000
11308,-224.617349832363000000000000000000
11309,68.855796411867800000000000000000
11310,201.211131390039000000000000000000
11311,257.871142877162000000000000000000
11312,-432.870559517297000000000000000000
11313,-893.999800818436000000000000000000
11314,671.865078465856000000000000000000
11315,-143.372649191219000000000000000000
11316,622.238658666281000000000000000000
11317,179.384426290472000000000000000000
11318,553.774408891905000000000000000000
11319,133.399221164037000000000000000000
11320,-278.763441831666000000000000000000
11321,-316.628040952983000000000000000000
11322,503.415662882665000000000000000000
11323,282.687135996655000000000000000000
11324,-192.349790754152000000000000000000
11325,-266.506215935172000000000000000000
11326,28.442092691972300000000000000000
11327,-502.810664488933000000000000000000
11328,-284.897167817739000000000000000000
11329,334.325396102703000000000000000000
11330,131.855594216313000000000000000000
11331,-163.069005275067000000000000000000
11332,207.697810445053000000000000000000
11333,84.537755355417500000000000000000
11334,26.259629066102700000000000000000
11335,-255.922137306367000000000000000000
11336,51.282902742481500000000000000000
11337,-102.049621462312000000000000000000
11338,160.434304106287000000000000000000
11339,285.393355956308000000000000000000
11340,-58.840964521681300000000000000000
11341,103.105349106658000000000000000000
11342,-294.311293018732000000000000000000
11343,376.907490778275000000000000000000
11344,69.801866933969900000000000000000
11345,866.000188522608000000000000000000
11346,-39.372896580539400000000000000000
11347,64.614202893316700000000000000000
11348,-169.656034169066000000000000000000
11349,-545.187397631998000000000000000000
11350,-61.769636847537300000000000000000
11351,-497.320284533806000000000000000000
11352,462.291110529287000000000000000000
11353,-153.269142509555000000000000000000
11354,-206.006941459102000000000000000000
11355,-139.679679038999000000000000000000
11356,-86.316035000084400000000000000000
11357,589.443942906558000000000000000000
11358,213.391623654670000000000000000000
11359,160.842692052497000000000000000000
11360,189.143118790954000000000000000000
11361,-353.623331681204000000000000000000
11362,-195.461468881351000000000000000000
11363,-130.970487847570000000000000000000
11364,-411.897848210707000000000000000000
11365,339.536110961037000000000000000000
11366,278.708028578756000000000000000000
11367,262.539330890998000000000000000000
11368,-182.315247378559000000000000000000
11369,312.592539884306000000000000000000
11370,292.506966028490000000000000000000
11371,-191.398129130214000000000000000000
11372,97.198965890427800000000000000000
11373,-323.062451969347000000000000000000
11374,-641.633523683091000000000000000000
11375,34.404317785939900000000000000000
11376,332.614639544938000000000000000000
11377,374.394290801145000000000000000000
11378,79.740574436982100000000000000000
11379,-175.664541480117000000000000000000
11380,161.849779990545000000000000000000
11381,247.709627269080000000000000000000
11382,90.738582192359000000000000000000
11383,406.919542782725000000000000000000
11384,-128.293384044913000000000000000000
11385,131.273307555354000000000000000000
11386,729.309441627624000000000000000000
11387,721.951650776261000000000000000000
11388,-177.940000633724000000000000000000
11389,709.522902016966000000000000000000
11390,68.441827946276600000000000000000
11391,-488.048106713703000000000000000000
11392,152.745939146176000000000000000000
11393,-239.250284783333000000000000000000
11394,-147.280957144795000000000000000000
11395,-45.208318575646100000000000000000
11396,-222.124493445427000000000000000000
11397,-332.615283881917000000000000000000
11398,-119.367375823004000000000000000000
11399,411.597615374165000000000000000000
11400,165.382883753990000000000000000000
11401,488.275465686720000000000000000000
11402,224.144899300987000000000000000000
11403,57.123193278739300000000000000000
11404,264.665020197873000000000000000000
11405,-126.750982944709000000000000000000
11406,-376.206020594007000000000000000000
11407,48.791373917784900000000000000000
11408,420.198064005141000000000000000000
11409,-415.559639713107000000000000000000
11410,-45.072678714989300000000000000000
11411,-169.485574535431000000000000000000
11412,744.963322661381000000000000000000
11413,-534.184571319949000000000000000000
11414,-151.031128091009000000000000000000
11415,577.935865469366000000000000000000
11416,46.726387390608900000000000000000
11417,311.554081805621000000000000000000
11418,357.306376588104000000000000000000
11419,265.412738439841000000000000000000
11420,-253.597369025350000000000000000000
11421,-473.881344050030000000000000000000
11422,12.688444605877600000000000000000
11423,-132.564266900487000000000000000000
11424,72.473819203475000000000000000000
11425,217.435805229223000000000000000000
11426,-335.778520112207000000000000000000
11427,-262.204624476853000000000000000000
11428,95.516983209101300000000000000000
11429,-209.181920245360000000000000000000
11430,456.635673492343000000000000000000
11431,308.430560197465000000000000000000
11432,-28.853731125681000000000000000000
11433,-358.517847151080000000000000000000
11434,128.311726774425000000000000000000
11435,145.624724381459000000000000000000
11436,95.667008034185700000000000000000
11437,268.283540913080000000000000000000
11438,-466.924416246462000000000000000000
11439,-314.320949691270000000000000000000
11440,344.740664886277000000000000000000
11441,220.707558136710000000000000000000
11442,-578.475523901238000000000000000000
11443,174.809078114794000000000000000000
11444,399.941483960733000000000000000000
11445,732.672096633250000000000000000000
11446,667.302730332915000000000000000000
11447,-63.096512982720700000000000000000
11448,245.906522028921000000000000000000
11449,21.730193019487900000000000000000
11450,-248.652640424726000000000000000000
11451,-197.040755051738000000000000000000
11452,-282.046472265082000000000000000000
11453,-81.152389257554300000000000000000
11454,52.365361603786400000000000000000
11455,-2.257126778134990000000000000000
11456,-758.875611606376000000000000000000
11457,213.491459122490000000000000000000
11458,-169.271478263977000000000000000000
11459,184.720288652012000000000000000000
11460,256.564304974751000000000000000000
11461,-63.248897776520400000000000000000
11462,-272.717871837324000000000000000000
11463,135.794463471489000000000000000000
11464,455.780743395305000000000000000000
11465,-129.356376521719000000000000000000
11466,62.873370392219200000000000000000
11467,-386.852937894802000000000000000000
11468,267.227658836110000000000000000000
11469,287.241186922628000000000000000000
11470,-52.099728652582900000000000000000
11471,76.406956648391600000000000000000
11472,-138.162150897381000000000000000000
11473,203.556148642305000000000000000000
11474,15.488711020267000000000000000000
11475,-5.968082516968410000000000000000
11476,-31.644142590969800000000000000000
11477,221.566302306927000000000000000000
11478,-687.002318206315000000000000000000
11479,483.784223143539000000000000000000
11480,958.022379088070000000000000000000
11481,191.596060929310000000000000000000
11482,-58.589705574534800000000000000000
11483,259.462306204044000000000000000000
11484,-6.316757561911850000000000000000
11485,-270.288469000089000000000000000000
11486,-772.464229625112000000000000000000
11487,-146.463319261998000000000000000000
11488,-37.781460993015200000000000000000
11489,331.551957582248000000000000000000
11490,570.474574111780000000000000000000
11491,-182.599896275751000000000000000000
11492,-356.094086606937000000000000000000
11493,84.142951210364300000000000000000
11494,-115.726641799165000000000000000000
11495,431.898381995410000000000000000000
11496,-39.027608360854800000000000000000
11497,28.163383062949100000000000000000
11498,-54.063853433293500000000000000000
11499,-259.965537840162000000000000000000
11500,157.696878204808000000000000000000
11501,-451.573536180952000000000000000000
11502,482.556504868775000000000000000000
11503,242.556945209100000000000000000000
11504,-588.113743809801000000000000000000
11505,81.017096895993600000000000000000
11506,325.406739444028000000000000000000
11507,-22.052235150655800000000000000000
11508,-296.278504197331000000000000000000
11509,299.051913586139000000000000000000
11510,468.269931223947000000000000000000
11511,-99.607469514878200000000000000000
11512,5.278085447166830000000000000000
11513,-101.947150170708000000000000000000
11514,172.815434963390000000000000000000
11515,-676.720752952904000000000000000000
11516,-85.334585198187500000000000000000
11517,117.543695716480000000000000000000
11518,-83.628787388305700000000000000000
11519,179.755627701634000000000000000000
11520,-83.352963474527600000000000000000
11521,-21.419178952217400000000000000000
11522,292.124746243276000000000000000000
11523,-100.163960877651000000000000000000
11524,-295.445078242556000000000000000000
11525,-196.199615460963000000000000000000
11526,-90.403497985660700000000000000000
11527,-58.114124094913000000000000000000
11528,-400.379344697644000000000000000000
11529,236.327175329714000000000000000000
11530,-312.004890539450000000000000000000
11531,448.899047372764000000000000000000
11532,202.735505076953000000000000000000
11533,94.928754562897900000000000000000
11534,60.247307917510700000000000000000
11535,-149.436632490884000000000000000000
11536,406.783381465802000000000000000000
11537,600.812026536429000000000000000000
11538,-23.263559460761700000000000000000
11539,-565.312706905647000000000000000000
11540,156.440691725612000000000000000000
11541,648.621546623952000000000000000000
11542,405.719796468742000000000000000000
11543,261.805831369300000000000000000000
11544,22.356083935015800000000000000000
11545,238.412474732288000000000000000000
11546,164.568023752701000000000000000000
11547,-83.346741148581300000000000000000
11548,209.774919824493000000000000000000
11549,-198.974377415306000000000000000000
11550,-78.734732103374900000000000000000
11551,27.732488101925300000000000000000
11552,450.316795074908000000000000000000
11553,-78.315205580050900000000000000000
11554,-267.638906333802000000000000000000
11555,348.331874454657000000000000000000
11556,-404.455039174066000000000000000000
11557,330.095939493693000000000000000000
11558,-532.970558743595000000000000000000
11559,530.166722833098000000000000000000
11560,-741.056804641054000000000000000000
11561,478.649523447340000000000000000000
11562,164.631879213560000000000000000000
11563,-449.710753147117000000000000000000
11564,-412.114811078339000000000000000000
11565,219.127739075106000000000000000000
11566,-378.689309503004000000000000000000
11567,368.733388054533000000000000000000
11568,37.338426958469000000000000000000
11569,396.493495004052000000000000000000
11570,-29.329794718536400000000000000000
11571,35.475251839089200000000000000000
11572,-267.291075556813000000000000000000
11573,-417.346579791309000000000000000000
11574,-250.301065276637000000000000000000
11575,-228.957200092186000000000000000000
11576,692.251347337505000000000000000000
11577,-411.157372065752000000000000000000
11578,482.321178882498000000000000000000
11579,109.403869223086000000000000000000
11580,547.620581513898000000000000000000
11581,179.884265084692000000000000000000
11582,-521.579310189511000000000000000000
11583,-0.536672220204900000000000000000
11584,-1.310883274279290000000000000000
11585,-248.050831456295000000000000000000
11586,-243.068061820131000000000000000000
11587,199.567300751703000000000000000000
11588,381.324043256932000000000000000000
11589,-393.168803887395000000000000000000
11590,138.232452761349000000000000000000
11591,34.241055697987700000000000000000
11592,-4.629154614118580000000000000000
11593,-151.861931281958000000000000000000
11594,335.546372227089000000000000000000
11595,-93.145298082705200000000000000000
11596,507.753218663894000000000000000000
11597,-355.465620533822000000000000000000
11598,143.089784381608000000000000000000
11599,137.946884036269000000000000000000
11600,-151.046006043897000000000000000000
11601,-19.601773692467100000000000000000
11602,105.848827134062000000000000000000
11603,-172.785189981266000000000000000000
11604,482.127263709998000000000000000000
11605,-267.539174133253000000000000000000
11606,39.905555786129700000000000000000
11607,-52.855796531073300000000000000000
11608,-21.222446731210700000000000000000
11609,155.379893461084000000000000000000
11610,-96.069277835017300000000000000000
11611,-163.175304096996000000000000000000
11612,-180.365739773549000000000000000000
11613,-264.678434523599000000000000000000
11614,171.427951646437000000000000000000
11615,-11.457713362942500000000000000000
11616,239.997341906897000000000000000000
11617,-39.849953838416100000000000000000
11618,-211.741606557957000000000000000000
11619,-354.169356173563000000000000000000
11620,72.479462952089000000000000000000
11621,306.820204440193000000000000000000
11622,10.710238479162400000000000000000
11623,-367.951642997272000000000000000000
11624,280.998678284900000000000000000000
11625,607.134278995200000000000000000000
11626,226.078666957070000000000000000000
11627,565.929638014683000000000000000000
11628,-147.767472169898000000000000000000
11629,-314.037560274904000000000000000000
11630,-180.045535252088000000000000000000
11631,51.270977379871400000000000000000
11632,-118.819842214134000000000000000000
11633,-258.260621942747000000000000000000
11634,-229.837130202043000000000000000000
11635,200.364758623151000000000000000000
11636,-348.071417564009000000000000000000
11637,-584.860865972543000000000000000000
11638,-4.929876831025480000000000000000
11639,-163.442214816698000000000000000000
11640,87.027519298569700000000000000000
11641,41.566635043452300000000000000000
11642,-494.890463777014000000000000000000
11643,-60.887711202975000000000000000000
11644,-173.551369719750000000000000000000
11645,181.264521180211000000000000000000
11646,-51.325709086770800000000000000000
11647,43.950997305182500000000000000000
11648,-517.981813485877000000000000000000
11649,-355.552666903284000000000000000000
11650,272.402166877341000000000000000000
11651,490.630383446971000000000000000000
11652,-37.234706867821800000000000000000
11653,100.191781177160000000000000000000
11654,32.264743116669800000000000000000
11655,342.383995894595000000000000000000
11656,-274.383996405668000000000000000000
11657,-461.599480181835000000000000000000
11658,399.117818815631000000000000000000
11659,59.941662419266100000000000000000
11660,-119.026937962982000000000000000000
11661,-281.709051597489000000000000000000
11662,-127.628684448317000000000000000000
11663,-556.581910177823000000000000000000
11664,-79.379234412219300000000000000000
11665,-84.283987551749600000000000000000
11666,-212.858154333619000000000000000000
11667,72.298584679813200000000000000000
11668,-416.458998920379000000000000000000
11669,-151.392770667818000000000000000000
11670,-112.943257466568000000000000000000
11671,-386.997605367982000000000000000000
11672,553.349713365416000000000000000000
11673,-80.937834580870700000000000000000
11674,265.605164512015000000000000000000
11675,498.064505041544000000000000000000
11676,447.883407676924000000000000000000
11677,-162.953388634089000000000000000000
11678,121.203515206520000000000000000000
11679,106.023428458431000000000000000000
11680,340.506355414972000000000000000000
11681,4.314416762781660000000000000000
11682,-92.647836691654600000000000000000
11683,-354.129577128833000000000000000000
11684,214.007476532424000000000000000000
11685,-345.691428742260000000000000000000
11686,-271.802208629116000000000000000000
11687,426.309077378154000000000000000000
11688,-37.757507170520700000000000000000
11689,-180.463457237833000000000000000000
11690,-97.582310788071800000000000000000
11691,347.822313233524000000000000000000
11692,-237.013090803976000000000000000000
11693,118.123118701188000000000000000000
11694,681.476667938498000000000000000000
11695,275.663344890928000000000000000000
11696,185.164816399574000000000000000000
11697,-13.159363367315500000000000000000
11698,274.072247487190000000000000000000
11699,178.761029655882000000000000000000
11700,-178.980395161405000000000000000000
11701,391.842517586484000000000000000000
11702,-308.949941096979000000000000000000
11703,-324.836215948390000000000000000000
11704,262.087135743069000000000000000000
11705,398.521064094040000000000000000000
11706,-368.254880432960000000000000000000
11707,-181.182511437851000000000000000000
11708,-166.413472087474000000000000000000
11709,68.987552587253900000000000000000
11710,-249.490128784313000000000000000000
11711,443.603374843289000000000000000000
11712,13.650459883849800000000000000000
11713,-212.530378523716000000000000000000
11714,-27.915418712236000000000000000000
11715,-240.799821845710000000000000000000
11716,-142.883091447935000000000000000000
11717,-285.834304390904000000000000000000
11718,460.631668680092000000000000000000
11719,-225.107880299506000000000000000000
11720,97.826519328619800000000000000000
11721,350.587256874283000000000000000000
11722,378.823851668487000000000000000000
11723,-3.884845525271730000000000000000
11724,-260.948288566838000000000000000000
11725,-64.561586173819000000000000000000
11726,-270.603284166691000000000000000000
11727,-569.420747694369000000000000000000
11728,142.468383994879000000000000000000
11729,228.152317927466000000000000000000
11730,170.905894052706000000000000000000
11731,-88.733005981168000000000000000000
11732,179.585145968528000000000000000000
11733,176.786825560494000000000000000000
11734,-56.270574348240000000000000000000
11735,-185.872587296825000000000000000000
11736,100.446587310970000000000000000000
11737,-63.662179545584000000000000000000
11738,623.206113997121000000000000000000
11739,-122.168981053781000000000000000000
11740,-216.572641268125000000000000000000
11741,-130.980974500737000000000000000000
11742,-293.826658589376000000000000000000
11743,167.923843627299000000000000000000
11744,9.259507593414360000000000000000
11745,-587.495696260329000000000000000000
11746,304.724809418475000000000000000000
11747,251.463595116853000000000000000000
11748,-304.060967745241000000000000000000
11749,108.043369575460000000000000000000
11750,-218.671899797902000000000000000000
11751,-105.130183885436000000000000000000
11752,121.356331087157000000000000000000
11753,-302.964041348500000000000000000000
11754,529.661639928587000000000000000000
11755,-224.550111150953000000000000000000
11756,688.859802099576000000000000000000
11757,121.621408407483000000000000000000
11758,495.863309637398000000000000000000
11759,-104.897008003213000000000000000000
11760,-39.403692827711100000000000000000
11761,-218.433938408932000000000000000000
11762,-242.075429237603000000000000000000
11763,328.469173661650000000000000000000
11764,-121.570623224375000000000000000000
11765,-351.961327236455000000000000000000
11766,235.896543360089000000000000000000
11767,211.843316133836000000000000000000
11768,581.985908383122000000000000000000
11769,-187.816851767175000000000000000000
11770,-88.203530562813000000000000000000
11771,-121.263182821614000000000000000000
11772,-682.344931535682000000000000000000
11773,-61.455993571581400000000000000000
11774,69.009041338983800000000000000000
11775,132.894872846989000000000000000000
11776,41.646820743462500000000000000000
11777,-513.169824883465000000000000000000
11778,216.743440923346000000000000000000
11779,-533.808787887295000000000000000000
11780,-467.103065031571000000000000000000
11781,39.693989655146300000000000000000
11782,178.844837590180000000000000000000
11783,-255.912684360831000000000000000000
11784,468.690972012937000000000000000000
11785,-959.145867517442000000000000000000
11786,201.862511915886000000000000000000
11787,-282.568707075737000000000000000000
11788,-392.434951566604000000000000000000
11789,-219.687757798035000000000000000000
11790,169.593022667811000000000000000000
11791,-21.895665769335800000000000000000
11792,-242.279922287257000000000000000000
11793,35.588860751346800000000000000000
11794,336.440333530043000000000000000000
11795,-63.331520330006200000000000000000
11796,-4.446048273786500000000000000000
11797,-312.315365714559000000000000000000
11798,14.581415571943400000000000000000
11799,-258.223512734550000000000000000000
11800,725.838791330282000000000000000000
11801,-303.828064620400000000000000000000
11802,-726.184522064028000000000000000000
11803,93.422683694412800000000000000000
11804,92.797982583719700000000000000000
11805,342.412329250672000000000000000000
11806,856.182539434414000000000000000000
11807,-54.883147062181700000000000000000
11808,-213.137206414255000000000000000000
11809,-365.083548884947000000000000000000
11810,-733.481962003493000000000000000000
11811,-206.058381935779000000000000000000
11812,-418.272235260076000000000000000000
11813,358.804469470953000000000000000000
11814,-260.622345324669000000000000000000
11815,546.234572258784000000000000000000
11816,187.449486656030000000000000000000
11817,-22.033982900795300000000000000000
11818,88.730517023413900000000000000000
11819,-243.138479784875000000000000000000
11820,-41.379666278955100000000000000000
11821,-543.624024120088000000000000000000
11822,840.806035466968000000000000000000
11823,402.824221818663000000000000000000
11824,79.420705595499800000000000000000
11825,473.389794263964000000000000000000
11826,-57.645490046816100000000000000000
11827,210.112867272441000000000000000000
11828,-185.757452901099000000000000000000
11829,22.769138003585100000000000000000
11830,940.746834077349000000000000000000
11831,-442.706667802155000000000000000000
11832,-475.244782252190000000000000000000
11833,-339.994283981620000000000000000000
11834,541.646364730189000000000000000000
11835,333.499079564674000000000000000000
11836,-765.496253379274000000000000000000
11837,91.193189180872500000000000000000
11838,164.450732289662000000000000000000
11839,274.612833122738000000000000000000
11840,263.188253898037000000000000000000
11841,303.622334676764000000000000000000
11842,-92.189525537956400000000000000000
11843,208.973713375682000000000000000000
11844,-170.034190509615000000000000000000
11845,41.558196358046300000000000000000
11846,-670.831365109925000000000000000000
11847,452.659377704067000000000000000000
11848,741.810261254444000000000000000000
11849,420.552411504074000000000000000000
11850,400.353002448177000000000000000000
11851,-181.642395755641000000000000000000
11852,162.046358402005000000000000000000
11853,2.748093609334360000000000000000
11854,534.690644633429000000000000000000
11855,145.059368743512000000000000000000
11856,245.639773523751000000000000000000
11857,192.706336636049000000000000000000
11858,486.573986371645000000000000000000
11859,525.269999985269000000000000000000
11860,172.001591427792000000000000000000
11861,342.561914714017000000000000000000
11862,-338.448809895122000000000000000000
11863,99.971335043802700000000000000000
11864,-176.901717816902000000000000000000
11865,316.426010203932000000000000000000
11866,-637.463241120626000000000000000000
11867,74.533357363902400000000000000000
11868,-319.609354183449000000000000000000
11869,-234.073571969633000000000000000000
11870,238.831763245561000000000000000000
11871,684.299515854379000000000000000000
11872,-273.393946906344000000000000000000
11873,229.493873828494000000000000000000
11874,-191.428051818352000000000000000000
11875,591.736550901237000000000000000000
11876,-357.717076957865000000000000000000
11877,279.349202799353000000000000000000
11878,16.385346982374900000000000000000
11879,1015.232107119160000000000000000000
11880,-44.247648670116700000000000000000
11881,-259.120384849598000000000000000000
11882,6.686312571180040000000000000000
11883,113.417659500254000000000000000000
11884,164.369060429105000000000000000000
11885,-219.790910643145000000000000000000
11886,-50.912150165226200000000000000000
11887,234.693784829213000000000000000000
11888,-225.746047156013000000000000000000
11889,-124.568061120229000000000000000000
11890,89.330806345862400000000000000000
11891,-24.039822321154000000000000000000
11892,949.813850917144000000000000000000
11893,21.685293242947500000000000000000
11894,-333.066915621710000000000000000000
11895,51.635266771126500000000000000000
11896,-328.747058918069000000000000000000
11897,-622.233561823768000000000000000000
11898,-406.825723267367000000000000000000
11899,-126.380838161571000000000000000000
11900,-298.356834044407000000000000000000
11901,-494.632402732849000000000000000000
11902,579.022340758396000000000000000000
11903,170.424895122382000000000000000000
11904,160.451272789015000000000000000000
11905,-127.532457509208000000000000000000
11906,116.512607491641000000000000000000
11907,137.244836895232000000000000000000
11908,-1.235126305626850000000000000000
11909,613.250818396625000000000000000000
11910,435.234480860593000000000000000000
11911,160.386967100232000000000000000000
11912,-185.473889770349000000000000000000
11913,188.640655994011000000000000000000
11914,-610.560351317360000000000000000000
11915,23.714657186400200000000000000000
11916,-97.904691404595900000000000000000
11917,-120.613454085972000000000000000000
11918,353.078717335787000000000000000000
11919,-18.442887505295600000000000000000
11920,-120.285468934174000000000000000000
11921,15.392910103857500000000000000000
11922,185.806968047745000000000000000000
11923,845.652763005579000000000000000000
11924,349.459328770558000000000000000000
11925,45.892637236965800000000000000000
11926,-7.237928751001310000000000000000
11927,-164.716170833959000000000000000000
11928,107.299636929858000000000000000000
11929,-99.600099781148800000000000000000
11930,48.616369269302500000000000000000
11931,41.199706043705600000000000000000
11932,661.673217095865000000000000000000
11933,305.958987949777000000000000000000
11934,500.411075586831000000000000000000
11935,-231.160992175744000000000000000000
11936,334.177732499317000000000000000000
11937,-326.402342663256000000000000000000
11938,-574.180619583803000000000000000000
11939,148.540872709451000000000000000000
11940,613.987882591287000000000000000000
11941,184.520367419882000000000000000000
11942,-216.100467258755000000000000000000
11943,-616.073528322985000000000000000000
11944,127.469840674271000000000000000000
11945,-96.881554392750600000000000000000
11946,-167.712037843944000000000000000000
11947,-349.946994886193000000000000000000
11948,6.614867126927560000000000000000
11949,543.279706406884000000000000000000
11950,-362.781031468337000000000000000000
11951,-330.057419494664000000000000000000
11952,347.014548736317000000000000000000
11953,526.430773293445000000000000000000
11954,-69.342520304570600000000000000000
11955,368.089429324774000000000000000000
11956,381.723719641738000000000000000000
11957,345.852840328082000000000000000000
11958,-204.689813188621000000000000000000
11959,157.897218318963000000000000000000
11960,-967.383364217909000000000000000000
11961,527.954819757991000000000000000000
11962,-338.849605785954000000000000000000
11963,609.181138601754000000000000000000
11964,381.116620589797000000000000000000
11965,-18.351583240230800000000000000000
11966,-92.242918307830800000000000000000
11967,-166.086865516145000000000000000000
11968,-173.939599458063000000000000000000
11969,-221.137342043175000000000000000000
11970,-228.376122451286000000000000000000
11971,198.061606809458000000000000000000
11972,-713.006476934301000000000000000000
11973,-89.681864741833200000000000000000
11974,-480.004570167779000000000000000000
11975,-271.733395922701000000000000000000
11976,565.323639936669000000000000000000
11977,96.111482632329800000000000000000
11978,178.613358569613000000000000000000
11979,-61.174332454705500000000000000000
11980,-368.691687240057000000000000000000
11981,4.847746578177300000000000000000
11982,414.413821344401000000000000000000
11983,-760.318316793049000000000000000000
11984,84.912715326859300000000000000000
11985,-251.847325520291000000000000000000
11986,280.707584589518000000000000000000
11987,-391.250278251076000000000000000000
11988,608.499117170373000000000000000000
11989,-27.808460607212500000000000000000
11990,-123.414119269255000000000000000000
11991,-130.829244194084000000000000000000
11992,18.553068892601300000000000000000
11993,-433.165375877213000000000000000000
11994,-303.709126116465000000000000000000
11995,464.715254985078000000000000000000
11996,496.485334467277000000000000000000
11997,-35.135409415795200000000000000000
11998,-131.679184534387000000000000000000
11999,417.269154621334000000000000000000
,
,
,
,
